,PM1(Ug/m3),PM2.5(Ug/m3),PM10(Ug/m3),EVI,NDVI
PM1(Ug/m3),1.0,0.9353424882805078,0.5830146412944126,-0.11079850187515657,-0.02419576273422174
PM2.5(Ug/m3),0.9353424882805078,1.0,0.710964943621931,-0.17714637473160183,-0.0833338602002301
PM10(Ug/m3),0.5830146412944126,0.710964943621931,1.0,-0.37513324010253357,-0.20891893198405564
EVI,-0.11079850187515657,-0.17714637473160183,-0.37513324010253357,1.0,0.7290661793461432
NDVI,-0.02419576273422174,-0.0833338602002301,-0.20891893198405564,0.7290661793461432,1.0
