,PM1(Ug/m3),PM2.5(Ug/m3),PM10(Ug/m3),MOD13A3_006_Line_Y_1km,MOD13A3_006_Sample_X_1km,EVI,NDVI,MOD13A3_006__1_km_monthly_VI_Quality
PM1(Ug/m3),1.0,0.9353424882805078,0.5830146412944126,,,-0.11079850187515657,-0.02419576273422174,-0.0375229131201474
PM2.5(Ug/m3),0.9353424882805078,1.0,0.710964943621931,,,-0.17714637473160183,-0.0833338602002301,-0.10074070807320058
PM10(Ug/m3),0.5830146412944126,0.710964943621931,1.0,,,-0.37513324010253357,-0.20891893198405564,0.08093229271046691
MOD13A3_006_Line_Y_1km,,,,,,,,
MOD13A3_006_Sample_X_1km,,,,,,,,
EVI,-0.11079850187515657,-0.17714637473160183,-0.37513324010253357,,,1.0,0.7290661793461432,0.3776501165328077
NDVI,-0.02419576273422174,-0.0833338602002301,-0.20891893198405564,,,0.7290661793461432,1.0,0.3608742035050117
MOD13A3_006__1_km_monthly_VI_Quality,-0.0375229131201474,-0.10074070807320058,0.08093229271046691,,,0.3776501165328077,0.3608742035050117,1.0
