,PM1(Ug/m3),PM2.5(Ug/m3),PM10(Ug/m3),EVI,NDVI
PM1(Ug/m3),1,0.999737891,0.971060898,-0.09835955,-0.090605861
PM2.5(Ug/m3),0.999737891,1,0.973077138,-0.111372177,-0.100220567
PM10(Ug/m3),0.971060898,0.973077138,1,-0.166910756,-0.154161301
EVI,-0.09835955,-0.111372177,-0.166910756,1,0.932197244
NDVI,-0.090605861,-0.100220567,-0.154161301,0.932197244,1
MOD13A3_006__1_km_monthly_VI_Quality,0.000227195,0.001884155,0.080130781,0.225135114,0.204519444
