,PM2.5(Ug/m3),PM10(Ug/m3),EVI,NDVI
PM2.5(Ug/m3),1.0,0.9999999999999998,-1.0,-0.9999999999999999
PM10(Ug/m3),0.9999999999999998,1.0,-1.0,-1.0
EVI,-1.0,-1.0,1.0,1.0
NDVI,-0.9999999999999999,-1.0,1.0,1.0
