,Tahmo,UNMA
Tahmo,1.0,0.5984269938028172
UNMA,0.5984269938028172,1.0
