,PM2.5(Ug/m3),PM10(Ug/m3),EVI,NDVI
PM2.5(Ug/m3),1.0,0.995022290874329,-0.9147616516403541,-0.8887117019877364
PM10(Ug/m3),0.995022290874329,1.0,-0.9504672827895613,-0.9299753300539735
EVI,-0.9147616516403541,-0.9504672827895613,1.0,0.9981770725599948
NDVI,-0.8887117019877364,-0.9299753300539735,0.9981770725599948,1.0
