,PM2.5(Ug/m3),PM10(Ug/m3),EVI,NDVI
PM2.5(Ug/m3),1.0,1.0,-1.0,-1.0
PM10(Ug/m3),1.0,1.0,-1.0,-1.0000000000000002
EVI,-1.0,-1.0,1.0,1.0000000000000002
NDVI,-1.0,-1.0000000000000002,1.0000000000000002,1.0
