,PM1(Ug/m3),PM2.5(Ug/m3),PM10(Ug/m3),EVI,NDVI
PM1(Ug/m3),1.0,0.15574995328933566,0.31023219788688616,0.18088665126008166,0.04249625411090699
PM2.5(Ug/m3),0.15574995328933566,1.0,0.882050949289751,-0.37681057881871577,-0.3621989419275516
PM10(Ug/m3),0.31023219788688616,0.882050949289751,1.0,-0.49274055530257777,-0.43242696198940206
EVI,0.18088665126008166,-0.37681057881871577,-0.49274055530257777,1.0,0.8899376408930373
NDVI,0.04249625411090699,-0.3621989419275516,-0.43242696198940206,0.8899376408930373,1.0
