,PM1(Ug/m3),PM2.5(Ug/m3),PM10(Ug/m3),EVI,NDVI
PM1(Ug/m3),1.0,0.03561048389506443,1.0,-0.17272598915456222,-0.1498519378867179
PM2.5(Ug/m3),0.03561048389506443,1.0,0.035610486329082106,0.10109223905877389,0.23925516766960844
PM10(Ug/m3),1.0,0.035610486329082106,1.0,-0.17272599152624415,-0.14985193861915264
EVI,-0.17272598915456222,0.10109223905877389,-0.17272599152624415,1.0,0.8773856774824065
NDVI,-0.1498519378867179,0.23925516766960844,-0.14985193861915264,0.8773856774824065,1.0
