,PM1(Ug/m3),PM2.5(Ug/m3),PM10(Ug/m3),EVI,NDVI
PM1(Ug/m3),1,0.035610484,1,-0.172725989,-0.149851938
PM2.5(Ug/m3),0.035610484,1,0.035610486,0.101092239,0.239255168
PM10(Ug/m3),1,0.035610486,1,-0.172725992,-0.149851939
EVI,-0.172725989,0.101092239,-0.172725992,1,0.877385677
NDVI,-0.149851938,0.239255168,-0.149851939,0.877385677,1
