,PM1(Ug/m3),PM2.5(Ug/m3),PM10(Ug/m3),EVI,NDVI
PM1(Ug/m3),1.0,0.9997378908103481,0.9710608981019322,-0.09835954956115454,-0.09060586120258513
PM2.5(Ug/m3),0.9997378908103481,1.0,0.9730771375836317,-0.11137217672859828,-0.10022056701256797
PM10(Ug/m3),0.9710608981019322,0.9730771375836317,1.0,-0.1669107559595261,-0.1541613013839958
EVI,-0.09835954956115454,-0.11137217672859828,-0.1669107559595261,1.0,0.9321972439182249
NDVI,-0.09060586120258513,-0.10022056701256797,-0.1541613013839958,0.9321972439182249,1.0
